rain_1h_mm,rain_24h_mm,forecast_6h_mm,soil_moisture_pct,slope_deg,elevation_m,river_level_m,river_alert_level_m,risk_score,risk_class
5,22,10,30,6,150,1.5,6,14,Low
10,40,25,40,8,300,2.0,6,22,Low
15,60,35,45,10,500,2.5,6,29,Low
25,90,55,55,12,700,3.2,6,41,Moderate
35,120,70,60,15,900,3.8,6,50,Moderate
45,150,90,68,18,1100,4.7,6,62,Moderate
55,180,110,72,20,800,5.0,6,69,High
70,220,140,80,25,600,5.8,6,79,High
90,280,180,88,30,400,6.8,6,90,High
110,350,220,94,35,250,7.2,6,97,High
20,100,45,50,5,100,2.8,7,33,Low
40,160,100,75,22,1300,4.8,5,67,High
